ECG,EDA,EMG,Temp
0.5496714153011233,0.3699677718293001,0.17974465175076856,35.546096221061305
0.4861735698828815,0.34623168414563843,0.1956644398785345,36.06980749461025
0.5647688538100692,0.3029815184960087,0.17622740237000117,36.29319723328918
0.6523029856408026,0.2676531611147213,0.1907611541108288,37.4438438286701
0.4765846625276664,0.33491116568067947,0.14319155999138644,36.77827656226688
0.4765863043050819,0.31967426927108744,0.20639881122118817,35.83225921545005
0.6579212815507391,0.3447596610013866,0.20003616426086673,36.74301814470882
0.5767434729152909,0.33175859008409847,0.1754873410679543,35.72634800553082
0.4530525614065048,0.35247763576596675,0.21977737005297215,37.04134552694354
0.5542560043585965,0.27323823942197156,0.22812710412879678,36.26443767409106
0.4536582307187538,0.3658697032817163,0.1517732040689308,36.453181905630416
0.4534270246429743,0.30987998023462,0.1771182566430136,37.162898323771095
0.5241962271566034,0.40376304363126325,0.17692572950638108,35.856418215707876
0.3086719755342202,0.2655406090955216,0.17180290696673406,35.80144090744351
0.3275082167486967,0.38679819015826244,0.22488424525795248,36.208200336827
0.4437712470759027,0.3098955391731324,0.19418521583681592,37.01918942550966
0.39871688796655763,0.2674290998192776,0.19206455476068168,35.74032696226158
0.5314247332595274,0.2758057082972839,0.1398841290677974,35.08392220094471
0.4091975924478789,0.283982634590284,0.2190625409062768,36.2744205707955
0.3587696298664709,0.3212082973200958,0.16282224815439583,36.77587039995546
0.6465648768921555,0.32614177440177494,0.20179797890798987,37.100130874869414
0.47742236995134646,0.27131499980307106,0.20832130813874578,36.2684193189573
0.5067528204687923,0.2987822703869508,0.24081975787515952,36.294286696442
0.3575251813786543,0.4071135179305932,0.16073538802642665,37.07695036712787
0.44556172754748175,0.38637715850503557,0.10941463532537525,35.56512915015229
0.5110922589709866,0.3218161834837016,0.20551548634261085,36.305739612408495
0.3849006422577697,0.30190017390841,0.2540153354453256,36.59521194496253
0.5375698018345672,0.3060015663359131,0.23716839058818312,36.72460936064252
0.4399361310081195,0.3306758986365208,0.20628978245823879,36.24509665340456
0.4708306250206723,0.24886037174007972,0.18525091443103858,36.51722050585292
0.4398293387770603,0.28713117312883274,0.22421367789911933,35.25583632329351
0.6852278184508938,0.21657079630612053,0.17079361400886595,36.170875793833076
0.4986502775262066,0.31996115613026394,0.21429073308068658,36.72675435627723
0.39422890710440994,0.33235979698513707,0.2151641047749988,36.00885298287266
0.5822544912103189,0.2758406768850313,0.2318062972249664,36.5294921107948
0.37791563500289777,0.37869933816450163,0.2827898011673323,36.72343625040135
0.5208863595004756,0.23871171684988293,0.21177247901536303,36.32872539957112
0.30403298761202247,0.226781255989509,0.18473109122877504,36.58523188549829
0.3671813951101569,0.3112225909279986,0.1992327706342402,36.018633717357694
0.5196861235869124,0.35235491513060774,0.14692772285332648,36.396694360151976
0.573846657999541,0.3841963845728934,0.17915860606732825,36.80510808479461
0.5171368281189971,0.27705578685655297,0.1877215268566069,36.578486480484216
0.48843517176117596,0.3539340416715648,0.18427734806196225,36.20673436521803
0.4698896304410711,0.2980745765249646,0.20457064616101167,36.61210820214539
0.35214780096325726,0.291368635002959,0.175327402028534,36.85730489531831
0.4280155791605291,0.3441829968743336,0.23363092001973415,35.47502936071126
0.45393612290402124,0.33261614392067096,0.20000621194754592,37.07953703247795
0.6057122226218916,0.2211803921507875,0.19972099036584157,36.33187263065946
0.5343618289568461,0.37382701748629477,0.19016315850461246,36.712744966620114
0.3236959844637266,0.36900456770737255,0.20465572051576938,37.09862346182261
0.5324083969394795,0.26872186492452355,0.22475294794002906,35.81416315138477
0.4614917719583683,0.31979017667187043,0.173986093528673,36.14527949878622
0.4323077999694041,0.32470150931413694,0.18025650532774232,36.35572565206215
0.5611676288840868,0.3130336882911953,0.19088821913670007,36.10812323943779
0.6030999522495951,0.272484742307729,0.15962387229580355,37.367468287918406
0.5931280119116199,0.26641883160309743,0.17542226420835508,36.071613953086604
0.41607824767773616,0.29872229645042775,0.18571337379366024,36.22222661025657
0.46907876241487856,0.35863645096296826,0.22623167542138184,36.602194515801486
0.5331263431403563,0.3271800077297216,0.20787683987005776,35.89892523696196
0.5975545127122359,0.2814692833956947,0.20580769734102633,36.302159644121865
0.452082576215471,0.3385849355324172,0.22552693886503916,36.65872663062509
0.4814341023336183,0.1575728689684962,0.1958788463480181,36.33356979780874
0.3893665025993972,0.3574382850186052,0.2117139454978667,36.453306570550026
0.38037933759193293,0.213014311061095,0.19690334741202511,36.235333943775814
0.5812525822394198,0.28187795292984336,0.20796087048198886,35.74276484540962
0.6356240028570823,0.24401650526869278,0.18251724027165256,36.66079660566962
0.49279898784196663,0.2352659262139547,0.12683548525170713,37.37746653582362
0.6003532897892024,0.35804133936892596,0.19597162513441088,36.50920081539172
0.5361636025047634,0.27661493993440545,0.24268244408299822,36.612632058623774
0.43548802453948754,0.31732519408653576,0.22778646206724779,36.84636137755843
0.5361395605508414,0.2976539710560408,0.22896192453773512,35.86533475172665
0.6538036566465969,0.3238520413611561,0.23708392165418654,37.3512573290648
0.49641739608900487,0.3038410945530128,0.20265972772884314,36.6011643982114
0.6564643655814006,0.23585038879057152,0.2059194712221679,37.31592844954456
0.23802548959102554,0.349813340972357,0.1814704431369695,36.13348350223801
0.5821902504375224,0.2753121708419344,0.19051781431918852,37.409030961278916
0.5087047068238171,0.22217090506701243,0.21847313449313427,36.88757774701739
0.47009926495341325,0.27859424195170435,0.2361165331150645,36.77652004292618
0.5091760776535502,0.3750379895317155,0.19581661172957002,36.61701222717657
0.3012431085399107,0.3425110871056746,0.18649432205445765,36.37573569096278
0.4780328112162488,0.282567393279607,0.20001583876569792,37.10026582923694
0.5357112571511746,0.28253711478407856,0.21803620246787345,36.57017993492402
0.6477894044741517,0.28391824743913086,0.15668435551599375,35.51646514820642
0.44817297817263524,0.40383739917804207,0.13111457140588287,35.9414067691465
0.4191506397106812,0.31909677261157765,0.18348389451525252,36.407077123903626
0.44982429564154636,0.32150208235955346,0.16337862722257526,36.65499949158278
0.5915402117702074,0.35151417270159213,0.18475579407058068,36.471705755550055
0.5328751109659684,0.31193945795132566,0.19556659043547586,37.10948539489683
0.4470239796232961,0.28704789270896486,0.18640254772930961,35.52444906798069
0.5513267433113356,0.2901825075457511,0.24357402603412237,36.57179396825258
0.509707754934804,0.2964199370292968,0.20980234293806962,35.591010387306426
0.596864499053289,0.2981388881745079,0.20901423078832487,36.87985614774208
0.4297946906122648,0.33638147718184896,0.21866621432130207,36.452770642779
0.4672337853402232,0.30259729429036497,0.16583500646657695,36.70980498601206
0.4607891846867842,0.33663200386077896,0.23117335362260807,36.06805851970512
0.35364850518678814,0.2959641709945709,0.19772707140393622,37.13973246582888
0.5296120277064577,0.30393175951580453,0.2201144185172364,37.020862332029424
0.526105527217989,0.2000899657733946,0.16784428300879534,36.791772151505945
0.500511345664246,0.3458163837351241,0.1533872370195181,36.43524137656828
0.4765412866624853,0.3173244237948996,0.22453668974075086,36.78992864264757
0.35846292579495853,0.34990050549298257,0.2112922857829255,36.14655371600632
0.4579354677234641,0.15518723109031551,0.17293845336927471,36.927777829510354
0.465728548347323,0.4044187352390364,0.17391010756175918,37.32474044716196
0.4197722730778381,0.2930205185922413,0.2337630435324431,37.03530527998959
0.48387142883339906,0.3554091408368758,0.16431764321398018,36.1351987650963
0.5404050856814538,0.24800470364372346,0.24928018859767892,36.680708658636554
0.6886185901210531,0.3306386952531285,0.17298137796056395,35.853429228120675
0.5174577812831839,0.24732922184131717,0.2191517577682515,36.78619515558784
0.5257550390722764,0.2688115519652097,0.19014144572753047,36.72530170643127
0.4925554084233833,0.3957015676933393,0.2180956229324703,35.56509183023392
0.30812287847009584,0.29046587996183265,0.18367657993657424,35.91910807804382
0.49734861245507833,0.3108716436589861,0.19511621281783117,36.35843055162812
0.5060230209941027,0.3435033865344377,0.20122757526187166,36.34957012642959
0.7463242112485287,0.3247840943986302,0.16993437632655584,35.8952615322906
0.48076390352188775,0.3075209452571788,0.2222247303626038,36.694489364676095
0.5301547342333612,0.31824805012331125,0.18460359300585247,36.62573680447026
0.49652882302947565,0.42017077926191376,0.19314200253979946,36.40286543401074
0.3831321962380468,0.29711906014832073,0.17016951876174463,36.12210424992082
0.6142822814515021,0.31005495233574837,0.1231299902361407,37.02435356320828
0.5751933032686775,0.3525327198003806,0.19426916712199493,37.32770355654415
0.5791031947043047,0.35527629664789917,0.2723784626483875,36.25821925807673
0.4090612545205261,0.359351515278019,0.22353812863694072,36.19391654142259
0.64027943109361,0.3319365111014592,0.19942218860796818,36.745603832705996
0.3598148937207719,0.2428497543634758,0.19211327512375198,36.32098531012651
0.558685709380027,0.3816715766150548,0.2006739767843614,36.43030139966838
0.7190455625809978,0.2426827303490656,0.2164135734552563,36.869826575862334
0.40094636748693113,0.31513177326195163,0.16457561554073466,35.545321956246354
0.4433702270397228,0.2622862074990321,0.23342965084006617,37.15915116242633
0.5099651365087641,0.29679308267035037,0.22146143946323732,36.53634026216467
0.44965243458838006,0.316438120515174,0.22154557177123804,36.29425342771891
0.34493365689338673,0.31606786077251364,0.21315427216429184,36.45538292288928
0.5068562974806027,0.3210960377117642,0.2005884997308197,36.48121467751026
0.3937696286273895,0.38068556345293236,0.2201858370790046,35.63439934827754
0.5473592430635181,0.322676715075699,0.21775442401224135,37.247469113726616
0.4080575765766197,0.28779216823546755,0.1893787786717693,36.52066281613531
0.6549934405017539,0.3482043584144179,0.182791946813093,36.721501065223684
0.42167467076637627,0.35947352444623204,0.2030556888578596,36.975774885287024
0.46779384837943244,0.23861960924315037,0.24647060454485564,35.98941877121985
0.581351721736967,0.3298700034924929,0.16282678773038298,36.736735949517616
0.3769135683566045,0.3350586371155449,0.15597424202742682,36.366179454550604
0.522745993460413,0.2851218248320004,0.2049428252370955,36.92338538760825
0.6307142754282429,0.368785340665581,0.20152663105568056,35.436386289824256
0.3392516765438772,0.29249722064837363,0.20520024993111224,36.45045284987937
0.5184633858532304,0.3062788226735771,0.20731859593725502,36.19858967210802
0.5259882794248424,0.29134640878580653,0.19330393236095586,36.71613147531708
0.578182287177731,0.30077895237907337,0.24469590315806247,36.7350220936841
0.3763049289121918,0.2451862456552399,0.15197288064570455,36.146187052588985
0.36795433869157235,0.22799745587028525,0.17514508925659264,36.14391306791198
0.5521941565616898,0.3797252531612486,0.1969023571955286,36.44466731572133
0.5296984673233186,0.2576519325840836,0.150704335665375,36.051678886342394
0.5250492850345877,0.25043038252718464,0.19472436786703787,36.920991847726064
0.5346448209496976,0.19233049431981425,0.24984410497184056,36.315396399776276
0.4319975278421509,0.26805191261552486,0.20062659464887886,35.046505890339176
0.5232253697161003,0.23384551032962508,0.20692102717156052,36.312588971689095
0.5293072473298681,0.3821007580068184,0.16219505704482262,35.980728089578015
0.42856485819736323,0.3504908544671317,0.18150915775881568,35.684362092269524
0.6865774511144757,0.2655924827411138,0.1887441085902819,35.881286680888714
0.5473832920911788,0.41262179026721546,0.19046854709731298,36.55470423591648
0.38086965027973513,0.3490882743495797,0.2384493138501131,37.16432041412411
0.565655360863383,0.28375843082456886,0.21673073182175376,36.65659223693249
0.40253183297726786,0.17502971425632133,0.16665626129188904,36.19674830589213
0.5787084603742452,0.4145471286295371,0.20739514335296017,36.72795209758535
0.6158595579007404,0.23052137666182018,0.21494665245490358,36.2704548448905
0.41793176816482897,0.2177300626521554,0.234204471155638,36.15269981541843
0.5963376129244322,0.351128521600482,0.2474162205970512,35.92281866588351
0.5412780926936498,0.42198762031696363,0.16954717424516397,35.62408559662414
0.582206015999449,0.3692136409255259,0.17567427466368987,36.30503814672028
0.6896792982653948,0.32819545600261796,0.16227266423256154,36.57902674496007
0.47546118839971296,0.32973771708326427,0.19297940422679058,36.451688164992554
0.42462638356425103,0.34267077793901535,0.21399075123339004,36.292016536026324
0.4110485570374477,0.33794642948933823,0.22962003549767307,36.02712696965161
0.4184189715034562,0.3140595711984688,0.19772146929072432,36.804123095842485
0.4922898290585896,0.3052100551975938,0.1904045743023547,35.841434040026705
0.5341151974816644,0.29687034360502385,0.20455273976746222,36.88801395692174
0.5276690799330019,0.26230177055666615,0.1749457129510993,35.998891490536636
0.5827183249036024,0.2859662461566613,0.26268616165084324,36.12378238132348
0.5013001891877907,0.21535215929023072,0.15177016918645825,35.76660740469216
0.6453534077157317,0.2950830186602625,0.20554221736687175,36.24929892655718
0.4735343166762044,0.2505704446424541,0.2607081865768892,36.987656229238986
0.7720169166589619,0.24482053413921145,0.20020399533679994,36.75781404422198
0.5625667347765007,0.3089947075576739,0.19429882894995518,36.98921105601402
0.41428424435837174,0.36960011431722994,0.1892766373156872,36.761071272966966
0.39291075019388877,0.34591583030011563,0.19458824954712778,35.948165085734814
0.5482472415243185,0.22147496981884113,0.24118545424029592,36.33460538783622
0.4776537214674149,0.2505185931714831,0.13364414266011482,36.10990043544127
0.5714000494092092,0.3470385593994108,0.24600301103888977,37.16528745201952
0.5473237624573545,0.2508756303230845,0.15728128542649567,35.90160567678684
0.49271710873431274,0.28876834250014877,0.19200043012296758,36.94684884469456
0.4153206281931595,0.32750260495122757,0.18712266739104016,36.946476935054385
0.34851527753141354,0.2515827772568182,0.2176565980931216,37.41481010085804
0.4553485047932979,0.305268775307298,0.1520562694434876,36.29515670368525
0.5856398794323472,0.23329872525408976,0.2138651799824583,36.856161079790084
0.5214093744130204,0.2699316178024393,0.26072928869860557,37.64082591826942
0.3754261221288012,0.3159890967071268,0.1591047798622157,36.19117916153315
0.5173180925851182,0.22035031332341654,0.20569118502831188,35.73247987623382
0.5385317379728837,0.32202373689801994,0.18014053466610175,35.55999498304612
0.4116142563798867,0.2990181100536659,0.21277661618579108,36.856356014430666
0.5153725105945528,0.3276244977208574,0.20057443332247257,35.55842489597071
0.5058208718446,0.31119570670323304,0.18075539272867072,36.31384047353104
0.38570297021693767,0.3682070214986922,0.21463616854613224,36.71865659351948
0.5357787360348283,0.30626122513239534,0.2541304432936023,36.59258776841496
0.5560784526368234,0.27852972294373735,0.19427288624818106,36.712722432092086
0.6083051243175277,0.3061148751516142,0.22159273826444548,36.611144927900426
0.6053802052034903,0.32716490145181937,0.1612018112638651,37.139432906656694
0.3622330632042909,0.3024430035162852,0.17130690869545975,36.0238418096306
0.4062174960084877,0.30202958456019413,0.21417218833641133,36.16150243077073
0.551503526720866,0.2649004156096622,0.24452348085607895,36.11367027736459
0.5513785950912209,0.2668549541224526,0.2106684004635698,36.9150959059313
0.5515047686306048,0.2298697364100153,0.19060825908430537,36.95019929419753
0.8852731490654722,0.38747883715934694,0.19997874216270065,36.725612659659255
0.5570890510693167,0.23780683823043575,0.16248776798090847,37.091746833444965
0.6135565640180599,0.2653547401102046,0.218135459790661,35.91097956631181
0.5954001763493202,0.2640796367215401,0.2264699918697023,37.33361205577557
0.5651391251305798,0.34474621884722206,0.1864372900150076,37.261619310856126
0.46847307553596546,0.2852525160853986,0.18589873556721498,36.86781099862287
0.5758969220493267,0.3623871036336867,0.20797634688956146,37.39089945438553
0.4227174785462428,0.26632546878780655,0.18689840791878215,35.671688396161116
0.4763181393259991,0.3139497081111901,0.19801602156122533,36.237775931868676
0.45146364521708965,0.2582326473370121,0.26299165367499544,36.132348269659026
0.5081874139386322,0.4072574563886694,0.1925892289776201,36.860739661878675
0.7314658566673509,0.24062007904852434,0.18924979543936335,35.97492963019893
0.31327348074082517,0.3154910355113514,0.18057374583094524,36.87874757466874
0.5686260190374514,0.3316888440466049,0.2223257591449981,37.18526807199836
0.33872841288103483,0.3206899548725749,0.19456327480345692,36.847601450042
0.45280681342105666,0.29073561705611456,0.18051880885035723,36.64187551183075
0.6088950596967366,0.2935089650133287,0.23963912096819037,36.006063329549626
0.5064280019095463,0.30219057359895546,0.24258809013540913,36.07657451693732
0.3922255222070694,0.29264989991857554,0.18198729302783886,37.124809452648336
0.42846962907400316,0.3481939558397455,0.1440038014591815,36.88967450195267
0.5679597748934676,0.41052615007956755,0.23022541069510769,36.48049024031123
0.42696333682828636,0.27212541074960833,0.17946110522719988,36.29104522711705
0.5216458589581975,0.2315098510210461,0.22371876797488308,35.48709606344431
0.5045571839903814,0.29558589758243725,0.14089688546864496,35.96457379065778
0.43483996523941826,0.4289854668827159,0.2267779201489793,37.45570954356986
0.7143944089325326,0.25981627160151344,0.16366484212157656,35.85977221449877
0.5633919022318011,0.38195584027220336,0.22192292357199575,36.59473991061054
0.2974857413342393,0.383885040703822,0.20042819203509304,37.0037219865976
0.5186454314769428,0.27232058791460023,0.17138181741810066,35.87253866599885
0.4338213535231612,0.3284491539592638,0.1877889106121966,36.59235523739054
0.5852433334796224,0.3814198311564269,0.22058955370870104,36.96895776875533
0.42074792615672996,0.28104361295062563,0.20317683359345703,36.50624966095363
0.4885263558533101,0.2898209819948819,0.21753238941417455,37.93420152783339
0.5504987278980458,0.2709159543025678,0.2592932175354646,35.665700370560906
0.5865755194170121,0.24926216346535665,0.15307275164866846,37.02936426494194
0.37997035929442236,0.26753612274669963,0.24851637724905873,36.413599131301766
0.4665498764159052,0.23880298666188715,0.2031306781256964,36.88596007741834
0.45250546888390436,0.3017041734129613,0.17303647855030616,36.720653575849624
0.43466707674262883,0.2615013384470679,0.16009059122783031,36.133421901445004
0.6765454240281097,0.3116892955895374,0.194326388276689,36.61449819622967
0.5404981710960955,0.2222052176898186,0.2276495033577338,35.571049274300854
0.37391160456649547,0.3165440116107228,0.196173526388674,36.8016237502857
0.5917861947054777,0.3416764480804462,0.24533464790742043,36.64907923299526
0.7122156197012633,0.2003132178714272,0.15646472929845323,36.81933008432155
0.6032465260551148,0.3187028284923786,0.19963733156461838,37.029059162543575
0.3480630034045986,0.3613834496236646,0.16242819666760644,36.683809920104856
0.45157659271337486,0.23951794906543972,0.21090895647874905,36.57404470989914
0.6266911149186623,0.3836286193418852,0.226606621702919,36.05946583166936
0.4292330534381219,0.32095095046830224,0.1873771461895684,36.14388961817547
0.5443819428146228,0.26474940721207957,0.12187358430118599,37.09336731008867
0.5774634053429337,0.2972115461171147,0.20596844440389483,37.21816770285299
0.4073069528421917,0.3279163456260861,0.2131021565520053,36.38094478184397
0.49404746439381997,0.30380026957062056,0.21212884264885093,36.523001373626634
0.17587326599309272,0.32693779962231845,0.23707346575466465,36.047692812503115
0.397561235866571,0.25396632034603167,0.16786838961052855,37.08637842263372
0.47474318486068395,0.3084680412018039,0.2204064831635135,36.83270841184589
0.37522168180351506,0.22931427515475097,0.23577522537433926,37.47060871823187
0.6632411303931636,0.29443869693256497,0.1466423724798045,36.06083846141013
0.3569858622039367,0.2548046179267605,0.20958955477756933,36.31099605049089
0.4559955513303016,0.26322350287051166,0.18487460506976985,36.61572296126278
0.5130740577286091,0.36180465876052187,0.19755431980695062,36.823244768862885
0.6441273289066116,0.35456550602971343,0.2104302945061501,36.39216618122618
0.35641378488205605,0.3304569060453588,0.18538314307659345,36.06351945477315
0.616316375215496,0.24538436176637105,0.17972875762515167,36.94070376446179
0.5010233061019587,0.2841795775152599,0.20102457252464076,36.86056768127279
0.4018491348952049,0.36065488499895915,0.16738262183411592,36.04186294971814
0.5462103474263271,0.3070858456819952,0.16742524613344445,37.17772140055275
0.519905969557347,0.41596647699908473,0.2203811984886951,37.0850993545983
0.43997831228412054,0.31966589196971856,0.16553617894524034,36.567148248623894
0.5069802084990019,0.3096024558245016,0.21998937502727636,36.53979893118802
0.46146864031382395,0.2845441767898749,0.21387773878561855,36.777028885557954
0.5113517345251248,0.3066770452391141,0.14822579813628212,36.06914846487187
0.5662130674521046,0.29237650818097277,0.17967306042993036,36.51501573958204
0.6586016816145353,0.3354054338344295,0.23582328209142117,35.42380822769541
0.3762184501173151,0.3478351158397292,0.17056503406580956,36.938227822751465
0.7133033374656267,0.2607005269746025,0.18606787213071838,35.71925338877907
0.30479122004774983,0.23343835232211108,0.21386182679755691,37.2517099142145
0.4848214904964417,0.20818973134483515,0.22350171527847787,36.33493995301677
0.5588317206484577,0.32539956634562717,0.19245383341866515,36.39416650903441
0.5280991867735033,0.24483166969130632,0.18207469415925076,36.18613304695775
0.43773004801794063,0.19235547035237582,0.24267109585095525,36.35598056303896
0.47918777496427245,0.31942893022654817,0.2521669899139274,37.20926567257402
0.45069990653411673,0.42464997587163955,0.22936574152345388,35.25609567173246
0.4410635243055788,0.2996964544230053,0.20255954427695072,37.1384826930441
0.5849602097021025,0.3419245387225821,0.17575202835077222,36.66901174055086
0.5357015485965048,0.30409146792737823,0.17508666780330306,35.89648917607139
0.43070904047393455,0.29505551734044283,0.21567542315797272,35.96234380347538
0.589959987543325,0.3459538241493884,0.21255194662666052,37.3381965136041
0.5307299520876609,0.28548627279056743,0.2420479577883929,36.02724656002864
0.581286211883896,0.3133696157035951,0.2195135027760842,35.92332474470202
0.5629628841923612,0.3160848903098007,0.15490759094720546,37.06865727118237
0.41710049890779277,0.26659547731784755,0.23155842853168757,36.66927643814296
0.443981895980303,0.3496021174768261,0.17005818118056762,36.0310372117318
0.5747293605123261,0.29125201216522956,0.18848086184142945,36.60831248770231
0.5610370265433465,0.26221274202535777,0.20750600618755086,35.98712365817986
0.4979098406035852,0.3268254921785202,0.25987002469351894,37.050410699211305
0.5117327383308782,0.25507660091044815,0.29329755668016083,37.03068548243657
0.6277664895788425,0.3014090578684564,0.2182016917740855,36.76600309941097
0.440842861116417,0.2995440501677898,0.19450410143838837,36.68083053062351
0.5547097381170037,0.3542947782915789,0.21603516945441653,37.38059406243369
0.4797807347566106,0.32373491164399765,0.2266296627762151,36.49984316369411
0.478231879677278,0.2987486520627428,0.19037997123328426,35.9090629372896
0.609877685198719,0.34088831496001437,0.2538563406773697,36.72473695641615
0.582541634898803,0.3695103774508657,0.20690212277574208,37.54302352476856
0.5813509636000639,0.3278905153175931,0.21493229267274183,35.992620253407075
0.6305478807154329,0.300517630992169,0.21997772756163386,36.319268616653005
0.502100384163276,0.234408188382492,0.2126475983184337,36.70822301905073
0.5681952971294963,0.24674431684623135,0.22516821501408837,36.473047575497134
0.4689733243406544,0.2847387647822666,0.1814824044035923,36.00884820981134
0.5324166352488442,0.2695243898920358,0.1832509473816191,37.06092892811524
0.48698569456323154,0.2906514348507277,0.16699537301084916,37.66002036100863
0.5096995964992718,0.30283249624485536,0.2131850369186068,36.59806572951195
0.5595157025436913,0.32648463771783653,0.22336809510536343,36.047965855132
0.41817793167665274,0.2964750610970454,0.2137331859845566,35.72551973747326
0.709238727568546,0.32432508219131007,0.2502347730004261,36.62898799061059
0.3993982618500298,0.303223720740506,0.1998321194351286,37.05193867165813
0.3785811387212268,0.2012266716823064,0.22006224966777538,36.737583873247694
0.6158110873500068,0.2530332303090623,0.1672489737158206,36.49879807954057
0.5791662693962936,0.2927956222139192,0.18838700892576798,36.20536417410535
0.5624119817052156,0.2395152628579446,0.22086613272697334,35.95391818364096
0.562834550926428,0.3299964364998102,0.22547306332229433,36.91737566316244
0.49877532271530856,0.3765375416171849,0.19118099157007454,36.956885810692796
0.41027456285141684,0.3609380925848658,0.197852022444258,35.727135106654636
0.5075804558193726,0.2893278564534896,0.15446378759957574,37.29491948909034
0.4322838288487888,0.3745363068424976,0.18928912397580172,36.787035610447
0.5975119733417751,0.3074333728601056,0.22671149490559359,37.1997973225729
0.48529426184978613,0.283145701444098,0.217256150483197,35.828936125757444
0.4174502803207488,0.269329866822953,0.2150199716414363,35.81708792229228
0.46786141583470064,0.2848765156755936,0.20149321061542882,36.42551534511635
0.5412931454275625,0.2805911590729385,0.2002118947588453,36.751392213447595
0.44362754471960253,0.3085208111187744,0.1801903658157966,37.39818041146348
0.41777796044335685,0.3080286990524932,0.22096485260607607,36.85303945690757
0.5243687211491912,0.3001523010076707,0.2126291883316817,36.37865936159398
0.5244966571108722,0.3218469084873175,0.214760565439784,35.98681539616705
0.44930568246288705,0.35953231373931704,0.1842189547199726,37.115000286359574
0.45289616943816774,0.3474777067720662,0.13539971240386267,36.017647287124646
0.5232049937357637,0.2257551015775048,0.2329145813526109,37.31423427738616
0.35519156585026757,0.17230394325490225,0.1856348763197479,36.357807675196746
0.3592536225623445,0.3467159955619637,0.1741167270787064,37.295291036308925
0.4281555778747564,0.23165606507922892,0.22080436735741982,36.83946564502964
0.47865528482881525,0.2887617299053658,0.18823962080242612,36.43150225527877
0.5310907565598004,0.241494348697032,0.23179809152139866,36.24030181408693
0.6475356216949553,0.209900978120999,0.21851017848730092,36.32954606132696
0.585765962320202,0.3270731364102394,0.22050707969601435,36.71415834618762
0.4840061470036573,0.33795775801513234,0.159021328663984,36.538578248108855
0.4980983792097311,0.271174479963664,0.23635831956159203,36.20309429596565
0.39974706353621914,0.1704478853927545,0.2078375159370157,36.417184294841185
0.498148686400761,0.27268777758737583,0.18892168582261393,36.53928851485958
0.47113413610798616,0.3195902002701273,0.20430165402026754,35.435632952792595
0.532271856033809,0.22605442156129354,0.1467129430130504,36.72908405739435
0.4172769056447677,0.3091679959889578,0.21225958434442013,36.010139387641594
0.5519346514241172,0.2992345075413502,0.16911885475453786,35.923333798397124
0.6532738913002578,0.3289645749800544,0.15941989142469398,35.656327826444645
0.4891239851543142,0.3059790184207076,0.15432922441346328,35.60305375106606
0.5401711722098942,0.25134655295592223,0.23338065124969776,35.822276248443856
0.5690143991711113,0.3598285750832246,0.18112209818921635,36.14548952118476
0.45987795281141636,0.2920735213486515,0.246011831297495,37.476629568763286
0.5224092481810417,0.2986347730245034,0.18392595610843107,36.2370601620524
0.5012592400781795,0.2533366020463402,0.1487792612722116,36.58887505313402
0.5097676098548831,0.2778358874404245,0.16650426680154023,36.700240693253164
0.42269902161445333,0.25575986429865494,0.23707434860020818,36.565532593107925
0.5024510174258943,0.2913526970038288,0.19532305466189998,36.461278269637006
0.549799829124545,0.38558542400711715,0.183551381105282,35.90235311820038
0.6451143607795042,0.23140494285343216,0.20480054677558365,37.225463774139605
0.5959270826085207,0.2193219301061629,0.21505348208502637,37.40359832181894
0.7153182457511557,0.3735585163746804,0.23352196447707385,35.65867065293866
0.42326524371119506,0.2895338161424067,0.2434549768967878,35.98798570455681
0.5872320636720678,0.2665463630670042,0.18920694062632745,36.3600948288115
0.5183342005738352,0.35199523436980384,0.16021856941753887,36.01773110254491
0.7189802933217673,0.26971922301315676,0.18759604516630174,36.75298277672793
0.4191701714644849,0.3913004856773468,0.2078084151974866,36.13586389879669
0.4160278157819224,0.33389629356696343,0.1710872322136817,37.5825280339033
0.44006073545559776,0.27560442959271486,0.17128547255314872,37.0952742971718
0.28761042756901933,0.4078654106632752,0.2103136364464966,36.606287015316106
0.4474244978319239,0.26971425384983305,0.19854042945288647,37.013493131659864
0.4240867338446302,0.33710476860046534,0.2009839098623476,37.05295021217866
0.5150393786476207,0.31496462902032457,0.17724513995899793,36.21802625597088
0.5341755975777159,0.3650870644699399,0.19308797857382698,36.09189137772902
0.6876170839215886,0.3780755598363426,0.1722730056719509,36.53907153148482
0.595042383818605,0.3016002074532883,0.2267059523337436,36.930818062248974
0.4423096344337597,0.2623291064826908,0.2310574800417126,36.56953019932671
0.4101585328651642,0.32299860714695583,0.1446143641328572,35.711501758904504
0.5491919171506505,0.26611423151239466,0.1721146741942277,36.09858777802458
0.36797667929793576,0.40066936237633116,0.15510412234729765,36.46301356820281
0.6831458765854354,0.3068267665541369,0.18049928196779308,36.46216719783708
0.6179440120721287,0.28173392243439455,0.19749686090628918,37.4862710883949
0.45308243478952953,0.3092340152932454,0.1565106434090441,35.8070060288005
0.3286865470909123,0.23264368552351516,0.1723442056062406,36.75279462091794
0.6353872374165412,0.2514192980744674,0.16988127883755505,37.24455655416414
0.4885460154747382,0.36002069539722126,0.20621801988196833,37.6357248727114
0.6237816311973462,0.2671552860514302,0.20208033011108753,36.29780128840802
0.34055723412056327,0.24765445086590301,0.17834787339988242,36.7457147263601
0.4400624977046227,0.3268326376263643,0.20530462616418196,36.78488017859932
0.5005243699718183,0.35928520773314987,0.18359959746238205,36.59774086577664
0.5046980593764742,0.33594766553325334,0.19185034669021842,36.45057739938035
0.45499345285207565,0.3498023842902908,0.2502035627089561,36.71798769475002
0.5622849932347499,0.26216024557152695,0.24021383155371046,35.23387695739016
0.3932379570617406,0.2289094666629078,0.16101256289217208,36.841034745031315
0.48576205149787066,0.3750666825977743,0.22489197253637525,36.563088951830984
0.5120295631711899,0.2838660080578932,0.22434189663474777,36.38876255161087
0.5514438834058749,0.2874583491772476,0.16555210133742146,37.52343109785978
0.571161487808889,0.3664097070924529,0.22456332931264583,36.162532990604724
0.3875357908162131,0.327811500470033,0.2461379575523766,36.298462005467485
0.3465885829264378,0.3227943886040804,0.1663236558126676,37.49577665110237
0.6277676821898509,0.4082501172450542,0.1724749153695721,36.08396934757507
0.5332314011979592,0.2678240884809928,0.23052984400530507,36.22494235853173
0.42515134634434465,0.34639200640406187,0.20814485932476945,36.42648728828458
0.6551151975522523,0.3028506562448542,0.21654428825718572,36.920367241064774
0.5115674634292858,0.3134296139431628,0.21021767649201492,36.60390125367665
0.6179297184063827,0.37642342132062656,0.21172087762784433,35.85368732642387
0.5067518481410109,0.3253917878144812,0.16020583615066752,36.23391571843641
0.7060747924881987,0.3269148039524816,0.23141953119864345,36.196322783393896
0.6755340842443205,0.3536253668654901,0.23508769977283323,36.46138947738848
0.47510358515209267,0.2817523635228557,0.19311827767795917,36.712921829314915
0.5971570950954356,0.2580395166330497,0.19869569150558414,36.709102877943984
0.5645375949585147,0.2477595402989483,0.15406677492332835,35.6119941229758
0.6368631557532349,0.2016821705311999,0.21542764268053505,37.03197049378043
0.40350765394198956,0.40281035649701613,0.21716172325142433,36.62628442299831
0.5686051459998439,0.24483958171391584,0.1981342694900207,37.192266023796954
0.6058424486849587,0.2889373188207114,0.23373060079611507,36.72209916364534
0.32412605135768857,0.28615933500555396,0.1899776830706018,37.05066147886788
0.3816741487334225,0.315370334890455,0.21693817777680802,36.73327265572507
0.2960767822239899,0.34078686062696484,0.16941006983923654,37.17311287810137
0.47305931655554423,0.34302367441798726,0.19929343547377287,36.76112531800889
0.5717542255795962,0.27084612807155306,0.19476937226291494,36.451042376778545
0.6502357052096028,0.29164391431067943,0.20675923766122825,37.63621736022344
0.5074094780419776,0.314128997524415,0.18891419213499924,36.944518561139944
0.6628615545571293,0.28756544369082265,0.19605582212984998,36.78687221050221
0.3619898541785108,0.38036727880099963,0.2247814151432452,35.86184779173083
0.32966175606448456,0.32454874758191254,0.18689707288285348,35.85584619126823
0.49444523011033814,0.3367438893024909,0.15180268697783963,36.64635774107093
0.5384065448939307,0.3331440634333706,0.25248751712616263,36.57276059888412
0.4967305251905907,0.35867369287426626,0.2414436223607146,36.19293871749584
0.2932557899960123,0.3090510779351853,0.16123211914683144,36.570491349806034
0.49108799604872116,0.23515840260220766,0.22069123415735584,37.2943134640218
0.36955304994951466,0.3199843975876321,0.18491075688345973,36.847701237275146
0.5669672548830038,0.26743215531040854,0.2079046164599318,35.92949574512363
0.5366598246096849,0.2735691659125121,0.20882672387040482,36.44424558642853
0.40601202136726444,0.32931820093775466,0.19296776599051035,36.09751675957372
0.4486133082663306,0.3619141535716818,0.17648703003240812,36.30615004179572
0.39407864781110485,0.30106357883680307,0.17928376843051222,36.293192167185175
0.49373209027268283,0.31544165062994817,0.17251424253556275,36.261177208697994
0.5955142320501239,0.38511074723176186,0.17504533375308667,35.8724323140133
0.4014273953664456,0.3120376589744284,0.19798465129851936,36.4361726592409
0.5504046515517844,0.4300841557090197,0.17852720032667746,36.219696181576346
0.44697423816275594,0.3282754822815772,0.22046156197137862,35.03527565499886
0.4207127167737656,0.2119618620422091,0.24461738466007782,37.52648601225083
0.4892969640045442,0.33766708105522664,0.18259840275889871,37.04438482710834
0.3964757677580626,0.3190579192441389,0.20718213501606134,36.3118496375375
0.4446350694652818,0.3644876377041373,0.21499055330908803,36.5094095248703
0.38021221074111516,0.3336590675634979,0.21416006812757823,35.91417282634122
0.696472513291639,0.2930772008008113,0.20227865803748263,37.34786143890543
0.5035263551971728,0.2387850881855317,0.2222804725507917,37.448644347386555
0.43002744920074143,0.28954883713569873,0.21446746858041973,36.57834686412326
0.5213979910734222,0.25747397728953497,0.16287012733018108,37.01176532209267
0.48876719503091703,0.27097382750976384,0.2260746819316782,36.58764338946696
0.4779030400466777,0.3294289202210305,0.22661872511800227,35.831637280562035
0.5614166700043425,0.3834952252175703,0.17710141687464256,36.294088315518174
0.5757507710047305,0.31973357649114903,0.20113813506342806,36.56596398338598
0.44694988523894724,0.24020584689824076,0.2204998697843321,36.27272614062828
0.442418175935532,0.32223013341100704,0.19372058541261916,36.39067336128248
0.4724948302848356,0.3598315743322825,0.23218934143298037,36.45430022124544
0.26980788352644147,0.26951085478403086,0.2709161748385808,36.45956075106727
0.3484808937801448,0.2932991416663541,0.17642041902095054,36.52612924524874
0.6366874267444524,0.3007344097364598,0.15856866190538677,35.9696974668017
0.6644967713501284,0.260755084345888,0.20911455786814628,36.14149192543603
0.47509639604436216,0.3324140216921929,0.2216468751537843,35.85770786715001
0.5576556963055767,0.2939525925696109,0.19307400878465694,36.9889077748431
0.5311250154543536,0.3209766221953514,0.24359781989963103,35.44717652907984
0.8078880808455238,0.25562539110989496,0.15984182600830255,37.07679517165846
0.6119574911434577,0.2781270849838295,0.22078755869094835,37.193174698631424
0.4872082408519233,0.33611906789138857,0.18182417537723322,36.34890970650869
0.4044459559399574,0.28135834239541163,0.2515813371862189,35.198431456086354
0.3393553679742427,0.38634819256167025,0.25977546059504353,36.31934471901636
0.5203463635867223,0.28001819071926987,0.17700030236649958,36.46790791935559
0.4243649254715697,0.3112342362875943,0.1835132859227426,35.994700890035546
0.3577746290402326,0.3466295415936545,0.22578763660939408,36.24239080309588
0.43534271157574733,0.2290817133533484,0.18838608050631458,37.26509759943168
0.3918451996385605,0.21195955940096117,0.19863766346203288,36.83246358115087
0.6687141635072564,0.22371718427149523,0.20076165261627232,36.03771794281095
0.588163975694945,0.3631292051713591,0.14240980531407033,35.70120041520229
0.49920273586833824,0.27240709270537766,0.1995848676171729,36.336491341195114
0.6479944138890026,0.4279099642834126,0.1793081667780748,36.39327161032478
0.5077368307647618,0.27178762006713053,0.18520631532800685,36.74809959368166
0.4138715798671736,0.30922756515985184,0.24330896010406444,36.23234164371617
0.6523124077269657,0.3771054976283938,0.16230479317162233,36.755749787680934
0.5538910043684658,0.40030464440795616,0.22439615560243933,37.46757702003011
0.39627538456735434,0.40307517883181987,0.19163111209004574,36.90775051122213
0.4809661321916392,0.3604183115296571,0.191607194945125,36.47595574633461
0.41243817466152427,0.3512031262905731,0.22371115688155135,36.40842476447335
0.3617200269035664,0.32962634746005914,0.21020153883706671,36.321663432910064
0.5926177547531641,0.3389180538083319,0.21711838991658594,37.090320456226074
0.6909416640470131,0.2724407141835733,0.22904553981598585,36.18634327702435
0.36014324261808583,0.2590900558288846,0.19006074850450033,36.52261135449999
0.5562969236690571,0.2998312771294524,0.1816328979647675,36.52559895094054
0.4349357430878173,0.2914907688737536,0.16744548420326608,36.249107903594236
0.4512874616235304,0.2773385975336362,0.17523768410063137,35.81376722605795
0.4407606075761131,0.33481937237283577,0.2884728327592618,36.661487251808836
0.4136009230320184,0.3477652604285255,0.23734038742210362,36.46949801407231
0.5048521627944828,0.30442034431459236,0.15946776901375936,36.75012023471829
0.4169049883588962,0.37387650405276307,0.1603262612976929,36.233199846780415
0.5270456825779839,0.24291554429332474,0.21445598185155476,37.110410649406525
0.4949761890550863,0.2903170270360141,0.216417943921339,36.06161310939408
0.47610519531335904,0.26415888396985976,0.21646651505952094,37.356020142008944
0.4092436337958402,0.20667316914634698,0.19235132619338907,35.626181745085866
0.4423228669431667,0.29586596570786505,0.196236372199913,36.71738503227844
0.5755391225825757,0.29391262458083584,0.20983638572478072,36.73771534126331
0.5500917187624381,0.37567248716210655,0.20257679018879993,36.10222146602956
0.40224447552014486,0.33154058422773885,0.13342098881757397,36.712196968930506
0.5099332305429226,0.24879065878353973,0.1931060110827442,37.13975933488008
0.575138712337179,0.3927046283167094,0.1744578069721906,35.39159058032297
0.3330594718878628,0.36105168477626765,0.20525634256725536,36.75137240374541
0.5543360192379935,0.3291048851734308,0.2895577700781023,35.25336458983496
0.43373762410541533,0.2886757950575084,0.21102444996422914,36.017167598238395
0.557059866859316,0.252028038163826,0.19059410941482807,37.31458318245047
0.4236740843457483,0.2813896611964473,0.22765404505931758,36.20910898330397
0.3195117899335481,0.3544374309852093,0.2144806366162764,35.913060017795516
0.33724575621168373,0.39422931529673044,0.21260283471355526,36.40103113550766
0.5048084946661382,0.37716217641360944,0.21820551779647013,37.53395316908178
0.5259722501721482,0.2755575289106863,0.26169630694488627,35.584158876396984
0.4095683374895591,0.24401912833554942,0.16607334694022255,35.974345044180325
0.5638592458777374,0.3070443123455602,0.21420896230434364,37.248715841589814
0.33384799377310403,0.2115780317218574,0.17220856610055385,37.42885117176887
0.49339202013526834,0.31615838570923904,0.21666537939026745,36.448284387854855
0.3788983800237543,0.29261987068506656,0.17243940465541718,35.880473648736675
0.43481638921978405,0.2766981749065879,0.18747899559184747,37.54792175090458
0.5047398671316414,0.2202648466366602,0.19114730257286283,37.2972211958746
0.41395866347160476,0.32568000532848584,0.2292745015803413,36.839473493881115
0.46154444557701746,0.2733649580169044,0.2275536333182724,36.09379882553129
0.6006292809214441,0.2415041582144856,0.1626284787066085,36.475485329580984
0.4423108130476851,0.15638688933591752,0.20164802332999548,36.419819959477586
0.5835692112065142,0.2986242547474682,0.17871260435752484,36.66542565230779
0.38702931453423817,0.3886125798334872,0.16224485267973998,37.22550071906567
0.5529804177915283,0.3830629607273935,0.1934894884872689,36.9397085205687
0.64415686206579,0.27714518717068637,0.19074551634632542,35.96131196150762
0.2528355499872711,0.26988939698191095,0.2728014945903657,37.18824822500977
0.42031047445295233,0.3234387128037512,0.2129887947608209,36.656566070006576
0.557707212718054,0.2500807280405854,0.15867147497737288,36.84353289792946
0.47969546139570074,0.3150895949909733,0.18305677987487173,37.233270429639305
0.5371145873371309,0.3383040139192345,0.23064149886288196,35.944209875243224
0.4396014813284179,0.3613466611942154,0.26265328318609776,36.48208721064677
0.5086589787472899,0.29499229617600237,0.15242050063286128,36.23427272432039
0.48443227646079207,0.2898163124911517,0.14360226844582866,35.71607028731727
0.6167782061659808,0.2561008706621719,0.2561289552611535,36.67335498880246
0.5254420843301213,0.258655982298007,0.21168842532112714,37.75577827579221
0.5337602662075203,0.28867605540492364,0.17395121804370903,35.579961127747126
0.45881230338775325,0.3183682753408089,0.21603887258367308,36.483859694475264
0.4512393775927506,0.34567923131166245,0.12092756782949368,36.82027146753739
0.4567441812180379,0.25984105246598277,0.20010126519791485,36.56153910082809
0.5394452142378297,0.37463442844797606,0.20983463518529258,36.44343597374213
0.4579015519179737,0.28644381994787155,0.2277281041861349,35.85039181827709
0.5289774856896413,0.29893163528257816,0.1695831214312239,36.61639337147008
0.7075400798645439,0.2626394160426088,0.2025706148421008,36.12161801149204
0.5871124703431693,0.1787879869863529,0.1722372612182124,35.40503914751072
0.4673976467832159,0.34420226981805246,0.20766151267022953,37.09729611025686
0.6201213922163945,0.33684219485462163,0.1731396103291093,36.97919290992102
0.45919246269784486,0.2859336221440893,0.18775697482519338,36.52583048842554
0.29618754648221457,0.3033495358612436,0.17012553815629314,36.61453734410285
0.39919136890825957,0.32579696088520493,0.21953408725470971,37.03715900635778
0.3129208078974144,0.22187270715567287,0.22575353349969995,36.61216982838904
0.46484865159586913,0.27354736613268527,0.1929613829012776,36.952008777380655
0.5018418379189552,0.3397132339810913,0.20114713984880087,36.35125889956308
0.6676437312275283,0.23728552884153753,0.1565422575609937,37.15599186928697
0.5326927373764163,0.31467789660833145,0.1910097005597964,36.66039286296634
0.47808994711911357,0.23217090976882973,0.19849386148874767,36.597025971802935
0.5829405581183489,0.3233214991216763,0.27862379273089927,35.86496945564399
0.27888646909921144,0.2982179258851258,0.16664098922677512,36.643477927150855
0.5235614558108566,0.21924340920472452,0.24392531716257312,36.08402254125277
0.5770865193886967,0.35823696772285857,0.22990576320397424,36.180858636735756
0.35214137542201585,0.2632704211600975,0.2084190921347041,36.09231218584194
0.6143754043206929,0.2594873781492809,0.252758614525854,35.966882534050384
0.5338496407494414,0.31002845986154715,0.2111631641782059,37.56238570150848
0.45847120860991986,0.35743186747143574,0.21167477587003788,37.1656695309942
0.5632781866106285,0.24920890905108015,0.19840638040947364,37.46018375107213
0.7270692857804396,0.3030839924923986,0.23670706647255885,35.88855249022222
0.5181866255058495,0.32144082501652865,0.23289407701432652,36.53562687495545
0.5248220586300336,0.33465528036315717,0.18122968137511364,35.85324618739795
0.45406391004597557,0.3088220777638612,0.16042258416203697,36.152152561401465
0.41501556305352083,0.28164860804583386,0.1939105808781303,36.040936508291715
0.5830335816544245,0.258620488967564,0.17599884306807062,37.11979200322078
0.4143916174091133,0.3043071941523187,0.19809426276153935,36.30188516094912
0.5071566237219393,0.24639304940071965,0.2371231440405242,37.034189666847006
0.4522342553234883,0.15393247582526962,0.1862809503473963,36.80206044479426
0.5478979825746392,0.3218279902078834,0.19871529856065276,37.651819376052394
0.5333662105286948,0.3451967420543097,0.20174068204425186,35.76027788843014
0.6037539944257899,0.18185337822290806,0.22545292646615855,37.1296166198934
0.4489983601145253,0.24951346476450312,0.13259331998046187,37.07322043520036
0.4730125064706629,0.3309577130502599,0.18179899115704112,36.013310580986484
0.40212362842176924,0.4028747734855849,0.2063385107683842,37.00356666823658
0.4555706739923888,0.3010396853837704,0.23600236869280583,36.668072481513114
0.5377300493044852,0.26359985293854327,0.18524292657481387,36.3862618700233
0.5756988616645352,0.29085517794475796,0.1437034188187438,36.088032256514
0.40778346758223744,0.3687438209574092,0.2185913433789841,36.14044527427541
0.586960592010566,0.26770179104377323,0.18093912833523113,37.52490604789296
0.6355637858804951,0.2600403996674873,0.16431000022728917,36.50034140947874
0.5413434903223701,0.2758628238908984,0.1812696383086033,36.89106500076573
0.6876795812558066,0.2523335695870644,0.19446423927032452,36.10455030916622
0.4226210800896427,0.30613351579973974,0.18185766006385362,36.11007352688918
0.3755345296688583,0.381233922923478,0.13383301828702793,37.04099240462497
0.32212797510957214,0.31615396365580145,0.226911985906614,35.82521189422423
0.6496044311489183,0.2873823248936856,0.23824625123836168,36.292393116047364
0.5654365656354058,0.2854094365542228,0.2195456597401852,36.517013705536115
0.4944415329089545,0.22184045956516713,0.1658694298872555,36.55568630092002
0.527996862631982,0.3441554888573579,0.19395525398157448,36.410453357491924
0.38745109527016236,0.2961081401493599,0.19980436054311626,36.69790989054796
0.7445751979616826,0.2909760043204687,0.21796383168685732,36.84642787790891
0.5129221181975228,0.459655378392243,0.22005021466154243,36.86731877272967
0.5109394794604893,0.3149376454182843,0.17797478603664513,36.00709809566609
0.5725766623898692,0.2624104474952408,0.20245986669240681,36.3579224510356
0.5481009231736713,0.2786821201897228,0.21371841213845724,37.09738143093847
0.5223884024279132,0.35742228545983773,0.24367466966440302,36.94732359378693
0.4209525544554688,0.3056635205268882,0.2211351961947417,35.81357027425947
0.5471468357135996,0.22808610108413163,0.22367170062126557,36.6757399501761
0.6882024496475034,0.34596144672876017,0.20251479883788084,35.51088737531259
0.6345420046154978,0.2665927957230503,0.24231377435610513,36.523467451030186
0.6593186626639397,0.39366488881087724,0.21229288387878492,37.44888350837299
0.44887843235688146,0.3540024032857324,0.1741673626947929,36.02605364136551
0.4010395179741419,0.27763390521706244,0.24210109910375574,36.08283847725421
0.4874213079900352,0.36405081808675566,0.22093709817617085,36.88201489078643
0.5055724912288695,0.3033927755263702,0.18670867936614555,35.72859924239518
0.6094191518470948,0.34263868375611095,0.18561521097802272,36.183622485057484
0.33075353702851806,0.3242366408647237,0.20889726635422287,36.798220568790875
0.6529550319460614,0.25768216725045634,0.21389554385802756,36.1828570761553
0.48419921014210104,0.2678225083841269,0.2059187679689362,36.38201500639451
0.457311893005258,0.35149804087905806,0.20933926020328655,36.87209285515752
0.39878956247398323,0.28326123339467296,0.25099872123729144,36.71077304176828
0.334514332813423,0.27981757683790015,0.23214629456704658,36.6334091981477
0.5823170583961914,0.2522438710325323,0.20571906773795073,36.33043886036498
0.5073317967188404,0.321179953279673,0.2282393174230245,36.68503055763448
0.3710039100258946,0.40312624596215724,0.16902428289417382,36.43813365995012
0.3704921227936384,0.24662335428728635,0.21193781149840427,36.72890280496289
0.4664215300709872,0.3012109728336379,0.2542791904919933,36.25153398744101
0.6669021525289394,0.3706110277707715,0.19345862313822879,36.40871551281023
0.4740408648636395,0.29601793043771424,0.17457098214142747,36.00502110372399
0.3496857046881894,0.3226185898124867,0.18043733334220818,36.482496194996884
0.4754256935914056,0.246880323592656,0.16731100887972836,36.094499568185576
0.47272764302523296,0.3214153548603824,0.17645714275616892,35.942976774919
0.23031133570584283,0.29064278674977256,0.18888475704229915,36.629330573927696
0.4945705133482188,0.3492864997839931,0.15783298942464075,36.60636988792883
0.4769065469791322,0.35936930257823757,0.2004685500184881,36.89143686747428
0.5696206364813419,0.4294781821009307,0.22706831521359944,36.28443721521245
0.6848956094945345,0.32898165866067874,0.17276731459559241,36.70402642341838
0.6126565029547757,0.3162898158291083,0.24557851770925307,36.77539878613683
0.47311113094451696,0.3097192150788668,0.21532376265582787,36.7223869039158
0.389347409125833,0.2823416853594656,0.23091741756872172,36.08717315859893
0.7573359803249861,0.31692419217308454,0.1802649633844359,36.57468174113559
0.5059218434014489,0.28522992949304854,0.2256357568119985,36.68207014802733
0.5013929291912946,0.3084230488134807,0.16724198298814064,36.50358923345397
0.49758749128899965,0.36587987678039796,0.22670742502509528,35.45676117081446
0.5198084760767855,0.24967287173601793,0.20515518019380594,36.58024481198674
0.4855639588076058,0.35699392805645225,0.2165975365995435,37.606265519698624
0.4426337993119764,0.3658557533669933,0.16473216183125447,36.31998036562151
0.44531410587596076,0.29409657365044606,0.17314790473170188,36.13596145107234
0.4967246729784002,0.19390725504957024,0.21791684654760154,36.6866742798557
0.4456575228866235,0.26960890064527837,0.171549559873274,36.65618910523329
0.42871542173228355,0.36484972732805543,0.2138961887629737,37.096367582708204
0.5106430227691897,0.2988565968850559,0.15898586580619264,35.87106592204556
0.47450227825791447,0.25003488838525445,0.22544522638000006,36.8656901262875
0.6503992988582689,0.27476125393858913,0.16302430055694472,36.79521103062573
0.23490301916069878,0.3420310013252276,0.21656899813038571,36.42892673152973
0.6091506851922461,0.32733667841006897,0.21876892800938003,36.66934365896085
0.6246085192497629,0.2880533950415153,0.17909684544711277,37.01472874079918
0.292660976759185,0.2816587794092656,0.2174607970125418,36.93615769001423
0.46573124059196513,0.2804120925478089,0.2078132679000067,35.928490343963134
0.46285591340042087,0.2538794907750749,0.18383474431421787,36.91007909337774
0.3592488305282179,0.38076878447347207,0.16974335947771377,36.46765569748374
0.42221833124091246,0.283883976539433,0.14112122924982265,36.53643704900776
0.3889424154534171,0.3608579260412748,0.2104895014189908,36.53659849550085
0.6752270443423622,0.37606580259612254,0.15305591685913836,36.42487850560087
0.5935678393147461,0.349915544907398,0.20286032598323925,37.09585374855353
0.6271555094994159,0.27841898436409757,0.19209655351753255,36.458141020075395
0.5721672064043235,0.32018650451683045,0.22037428326314587,35.94022693580842
0.38709482287827707,0.29879021968045416,0.1909386350153041,36.303235072015134
0.4475479733720226,0.25481490696349357,0.19011656640958727,36.589347358405234
0.5489374561227918,0.31621796408608016,0.22195612112864888,37.11460739214853
0.3777872191108055,0.24104801044200985,0.21005174087252354,36.801547342474414
0.5712998430172388,0.35938396942307815,0.20948467871548335,36.07473236062648
0.4759674601841865,0.27676913513508034,0.2140780276942558,37.742594958339446
0.46251791924504027,0.31005798279364194,0.15393283630378685,36.63238765548899
0.5710959968203492,0.3141643935773071,0.22270366039960948,37.13769536899951
0.544426331148604,0.28705475131479613,0.21837406382040808,36.42414278321139
0.463903383418092,0.3293346900737637,0.1694995061427051,36.766679622352726
0.6159329803364249,0.2762548171688738,0.19267758578977398,36.919734252259204
0.3918936672400103,0.3435648648728622,0.19882078137117107,37.109097355877125
0.5615935606944263,0.23270101598766257,0.19596509646794802,37.02868415268911
0.5593101257968384,0.3063189789773206,0.21001579899705605,36.936098500036486
0.469045356068601,0.3969464499529142,0.24294100345493552,36.34245663440294
0.5326133022242118,0.24998343376972126,0.23245300183018486,36.21412697902197
0.3748886423614697,0.2661127514737574,0.16063342419705784,36.6663037551621
0.5924027019206901,0.32569539248294577,0.21866209970918146,36.96656403617053
0.4815097863557011,0.3089790890969799,0.2398679995860623,36.3886396496117
0.447727697948096,0.31753150496367794,0.21160425562067608,37.03258598285719
0.604900922583689,0.32445935650738317,0.232729412755579,37.22630837274309
0.4295656309457241,0.3317360734280885,0.26036811337102295,36.04183954046329
0.359153870363644,0.35548499209781115,0.23071128638320945,36.08153964810186
0.34433708264760965,0.3204909328464256,0.20747925786925187,36.42981247054733
0.560600995134564,0.28793711726907284,0.23135265422254261,36.6538063340946
0.3719570647503717,0.33362868506013654,0.20434663499290676,36.23771649311647
0.6754794181984365,0.39499409674476077,0.20071709129854867,37.17610133943357
0.29180705921162775,0.2933683126808713,0.18945757292858803,36.71203343075923
0.6696456368290038,0.2512735347664679,0.24690240076496325,36.51972352412037
0.5211017467202619,0.35535403346434863,0.17544714002173997,35.782045238065734
0.49032868881296077,0.2939809418023201,0.2459710317403435,35.84209209178625
0.445508091319105,0.19136652269929816,0.21499592371221116,36.640504625140906
0.5399136114352071,0.3423710838575211,0.15802081475594176,35.43370218692258
0.49623652975751514,0.27323359070230385,0.21102947878974265,37.006318704822036
0.6103301882016522,0.29547333588479197,0.1369992047704513,36.42092307781384
0.511422764866204,0.31659901652845074,0.21876524050493107,38.12154648479736
0.5150301761461877,0.3095249839889533,0.22655694448966973,37.65395812530806
0.4636387787786144,0.33547259085695197,0.1822293213304384,36.40927546537624
0.49430543762789325,0.27822568147150784,0.2037064308786675,36.44683149873434
0.5307801768892059,0.3256552899088041,0.2586247230125086,36.99779075700101
0.3289831607343374,0.2870226661208041,0.18482759887214192,37.35158630495902
0.3651814577894287,0.33694052404437513,0.168232772388302,35.68098547128199
0.5743264094022715,0.33076837420065264,0.24444990207387796,35.60681226732266
0.5170865438127942,0.2532280648977702,0.2588776157159238,36.18898259722281
0.48160166636473206,0.3542991058087516,0.20011087015543544,36.79136879158693
0.5018433933065393,0.2732018277442976,0.2303438910622507,36.748436795253795
0.5347581705361671,0.34040288991405726,0.24024427746592644,37.034885727491925
0.4460240319690638,0.31836436567006704,0.1777254730238485,35.90015123581735
0.4221695274597687,0.39190918383975615,0.18544082493896397,35.341928068515564
0.5195845255097682,0.2888267008814074,0.23692623539464205,36.92900709765107
0.4021627222384968,0.2825341601940901,0.2505504283612553,36.085901863517385
0.5408252755714472,0.29902901970561335,0.21688642580523065,35.490756067805684
0.32974163957621594,0.2848410108582862,0.17360556939493837,36.57253187297969
0.6029155637325644,0.3399970950971025,0.25961183335098326,36.89658784410934
0.5472597482413043,0.2191844695781706,0.18407087306564107,36.438971433939365
0.5256029734313876,0.2473158790426823,0.18994586656485646,36.271075806908755
0.5982690983945513,0.24660985392104035,0.21027013503468867,36.420318883927045
0.6665474444462577,0.3475153795986788,0.24662481262144323,36.31470861879961
0.6014370065018131,0.38553066862909624,0.22561927929656672,35.82597644402992
0.3159125768668355,0.2947775390731264,0.21244596501085733,36.14265966150479
0.37204230332642985,0.2915589138404995,0.2138986559035432,36.76063995250691
0.4375181422304321,0.30350260815565905,0.20130544005930398,36.66083927068825
0.5026091050210834,0.3580939151304095,0.2167441854355552,36.58402990298341
0.5517659020469123,0.2536323432904713,0.12411319766917092,36.00242575907331
0.42742561868465345,0.3119184491367393,0.19110177622790606,36.409248418932165
0.5186766764477079,0.34875988148912146,0.20723965804750344,35.411467476778576
0.42446170676466777,0.32505470849699225,0.1654695774914148,36.589238331942695
0.4388482197008052,0.30947908082993714,0.2115896995343468,37.21442885390678
0.35933389031517776,0.35005230462835707,0.19386586337041636,35.76293393397895
0.40767667538890956,0.1648383853500381,0.2526642709494647,36.20703616334112
0.36483153943836666,0.33389376597654535,0.2471905917564457,36.66455338935506
0.4024126747022667,0.2672962158436288,0.18602583292645514,37.12642131721374
0.6053641796607839,0.20846835515717715,0.19547486865299915,36.275887691849924
0.4050601111168057,0.325560129976249,0.19778157303174823,36.15387483536705
0.7632382064837391,0.3686829272581479,0.18645021571521134,35.515538428791956
0.549331790088089,0.2931275742686154,0.2058507495208438,36.55171906465405
0.5184836123694874,0.3476437273601469,0.1772515379333723,37.52103802007187
0.41416422198187863,0.38061391289943225,0.16608153995187422,36.63867923098234
0.5700309879408991,0.36574572267920236,0.21868133671700807,36.488860510408145
0.44243621737622263,0.3819982264685696,0.21888588752665433,36.661041155383494
0.5122009814645362,0.3371063745535946,0.17587052721020024,36.4944539980257
0.7560084538268794,0.30377168194507964,0.226860662922878,36.093492813869936
0.490394010027535,0.21990170940514156,0.18105266812504006,36.91163995783885
0.6149273326285676,0.28769687559350254,0.20759495714113946,36.61288076155588
0.42968235748741124,0.2578376702341904,0.2246103203783737,36.50880662596683
0.49650115095030384,0.40854713587489067,0.19899162305888862,36.01231698636087
0.677080063563551,0.29120570937838314,0.21364222736423405,37.15175396596738
0.43730329422122327,0.3061602403392243,0.18450711068337286,36.83235137266656
0.6812448557996928,0.32757426880202334,0.1941060024971571,36.22353958131635
0.5707751935455475,0.3021801223186227,0.1938242170735898,37.00091242684097
0.44375332241057325,0.38475255202153763,0.17760264960379285,36.2512145808074
0.563240773905552,0.2688675319132774,0.19469677510652655,36.10899825374448
0.597255444962673,0.3097303727618621,0.15354145103408762,36.12014844125986
0.5621809962217197,0.26287647071509757,0.18526538758573688,35.61446572345596
0.3429775280109544,0.2339988744389647,0.19145373519890987,36.7357711902091
0.42728628241751315,0.2694115454547357,0.19231460742513862,35.584427560830825
0.47524813644484953,0.2981481601475794,0.19275507662387664,35.88577808436712
0.49255665708999535,0.278534888774137,0.19814707400419615,35.462205995460735
0.5620672097550679,0.2653789510063072,0.21438324554258192,36.45696515360456
0.5177701000933254,0.2296841268164083,0.2262355122239757,36.424839769864064
0.3664655641289899,0.29584472136856527,0.180507043194552,36.33665189340682
0.5380197851005963,0.22476398129844988,0.16390397433832568,35.978711152664715
0.5610585745283823,0.3380027981844801,0.16873866763270692,35.91388312328168
0.555979044793104,0.30412198764672516,0.1853839123641522,36.73218493177329
0.6080780725554622,0.22712242502675345,0.18944236046550475,36.22472403414576
0.5833922154548904,0.2845395461475068,0.1769001180140763,36.65817916076807
0.5459180079228436,0.2623921797204708,0.16111650007250317,36.057375656937886
0.4929834288541353,0.315958725520959,0.18631637517577437,36.59053137138554
0.33390390664840086,0.36702252230115723,0.20544279860341916,37.15163901865803
0.5429618219132586,0.20624137651771274,0.21785088397506697,36.79308290019639
0.5207687687163112,0.3057513039573708,0.18327730840675038,36.29379309089176
0.5271578837195373,0.291993360221668,0.187610065335697,36.628599485177965
0.37232514241796905,0.33356700382252324,0.1721990507345807,36.3796674127349
0.3918943459591738,0.31065983141188447,0.19905682488875673,36.503940092347364
0.6053152853332904,0.26240153341305905,0.17454714097427557,36.33719447392575
0.4960444846143345,0.2840473032166691,0.21719383439723602,36.4178323970573
0.5681500697372625,0.2601987071598255,0.14642400524197668,36.60604667653709
0.5028318376130461,0.3538003569299299,0.18921110982642614,36.00332065020903
0.5029756139495746,0.3010655824335971,0.20903322017575227,35.99206058650501
0.5938283805975998,0.3950595342876504,0.20551503548967515,35.80572872308439
0.4483955271782626,0.296966959309269,0.2807910099194149,35.69986444774815
0.5096120776940983,0.2645796616544768,0.21049400073703722,35.89135865388976
0.45377247112949576,0.22431428036935863,0.1698783620947397,36.579731253402066
0.45655037725676845,0.20984301618720275,0.19713607258732782,36.053606242254055
0.46908278765313605,0.22079320284972548,0.14671260999600647,36.75680723211555
0.5222133771633712,0.31335633255057416,0.1975820075210972,36.51735687437628
0.45212513783365227,0.32543625116149666,0.17500831828997726,35.515747893280974
0.6255756125573521,0.2209404648983933,0.22746170826680487,36.827487792110844
0.4105392697780496,0.34475191570380576,0.18351379176213398,36.90539932279585
0.4813128355838641,0.275846947415828,0.19649702252614262,36.00306866258257
0.4560268941725825,0.3073396505992775,0.18093326475786792,36.7100957714475
0.6446977884353733,0.3806110314127712,0.2521655405555999,36.0717508812954
0.5196554776511575,0.3448419657932766,0.19036271701646265,36.54883518837417
0.6031844539468635,0.28657346760470837,0.25497671130437605,35.867750796522515
0.3514439626963028,0.25544038872923563,0.224424552863548,35.60344677373271
0.5267050265869259,0.19240922993353474,0.2144620018200616,36.30859140519352
0.5889630795623437,0.26404233403787897,0.2110619944195256,36.43813552686258
0.5082283989275425,0.28944348805861525,0.21181391894648754,36.3011601531927
0.6065480375065351,0.2506410236424408,0.1421698226196317,35.90798472088872
0.4482711549899628,0.29343715164538475,0.1916334981754773,36.30005046893443
0.640934744018558,0.3038425941479384,0.22535473913552967,36.63464737629037
0.7298898123619251,0.28875720090959606,0.19853308449577683,36.47755348493873
0.4637161439560341,0.267499870958827,0.15784430459589277,36.591250515299606
0.4554497478599228,0.3084327335983364,0.19842786648267594,36.16494239977288
0.6453384477117701,0.32209703247847044,0.2511231654876647,37.08585895735808
0.6579572145730712,0.24548004612785768,0.2374067514660416,35.91191333172261
0.44771399728467315,0.3705466189873135,0.19813987971901906,36.74378014854336
0.4579813182904143,0.2950705933857869,0.2285434783117426,37.09094554647998
0.4718215391139493,0.30094248114724237,0.18900478938895846,36.740454046374445
0.36555494889657225,0.33541072116282783,0.14888385239519844,36.398737886467586
0.4081348053515802,0.3116608065631751,0.17226602035611338,36.23585147666851
0.3995859233247932,0.34765683169566225,0.24688666305524595,37.01804382552313
0.42322024348958714,0.3143562082600912,0.19178020754512087,35.788512537369165
0.4965315112613219,0.2693781312679781,0.19269848061874947,36.014937869810176
0.5234214732536521,0.31807517626030507,0.1910048541117536,36.30122111725414
0.6550500492814078,0.2428136896339669,0.25712409768719025,37.118826878755996
0.4001645959261209,0.30542798528882614,0.24877876746086192,36.68988381802045
0.5984322398476584,0.29833850046777693,0.26656340700344405,36.01597712074488
0.4786011155774491,0.289594157136373,0.19522864368799847,36.34484614730755
0.4950536290347567,0.29357312442805344,0.20886873466241287,36.192838427951855
0.5674819492166604,0.20590754772511805,0.1545007235173763,36.14510550388323
0.38772779784377015,0.2725637546129519,0.24430803278354823,36.98944477927839
0.538240974618405,0.3046422450570557,0.16496661346196195,35.81412843536825
0.5166452208213056,0.30799281959987,0.20650326691287887,37.30439042786719
0.5492451264008149,0.24861624295370208,0.1670809241710147,36.914114845092314
0.5289168643907818,0.363285392043235,0.18233399519783913,37.04543083530185
0.7455300139910894,0.2566912575892749,0.174882127068509,36.26853024398737
0.4362260015748684,0.3484728600263368,0.18176374217972546,36.425029640460444
0.4469003044998182,0.3213597180935842,0.18382631890553064,35.78342409273765
0.43768594735752353,0.26768863450780983,0.18355193615224769,36.2376687964666
0.4444522880839745,0.3887655446304756,0.22500001735340922,36.74682742382158
0.4362612872693482,0.240318158412176,0.1668541162081244,37.1480315308907
0.6189016531107552,0.3459577086805001,0.20661624281041602,35.94642159159877
0.6420504247989856,0.3500291159021489,0.23653877456916678,36.317247031507364
0.4429253706250524,0.26646898954616777,0.18460410906459812,36.42435038988374
0.41676444268957713,0.3696232650032164,0.17846243327757194,35.802105398903755
0.5471415556386404,0.28749767427005235,0.1930842612445925,36.7956746208792
0.4447776955719029,0.31443468146399284,0.23539175625082132,36.138004834128694
0.5632931817755511,0.313016091938561,0.20582322892860075,36.40230482441149
0.52029230208513,0.2932845629264726,0.18406357116177205,36.27402531404406
0.34842558850027683,0.3405404136579891,0.2145162995356412,36.105330747140165
0.6547505201330062,0.33967443602761066,0.16693123550490732,36.49647750725972
0.6795877673095522,0.21257340133809094,0.22044078531328845,36.39219521071599
0.4387211309515614,0.3652170121439076,0.21225821923105304,36.31407105886067
0.4612298440064016,0.21687540059821625,0.1907657458658335,36.13576918915983
0.5285865390724905,0.3516273102170829,0.17484242604658307,36.65976233539148
0.5334456789987025,0.3563352568413792,0.1733995723314963,37.32680863424614
0.5658544272672831,0.24545167848924007,0.2160445200903773,36.569943616419565
0.7010204538766349,0.27945928560227074,0.23686941507467185,36.99805910745557
0.4823052772505951,0.2447147665757032,0.18088076758913618,35.804889037423266
0.4201702755461546,0.28925394848556324,0.21375160110654454,36.57888071964688
0.3620680771985473,0.28459828579071295,0.13738918944193795,35.95131584051447
0.42690699600580806,0.33898302661346696,0.18246146808028402,35.76153753623405
0.4966873027126203,0.3655154373059804,0.19906823201387294,36.130314296270484
0.6794557863517787,0.3697841905394978,0.172709497490545,37.09594966720679
0.44823887009638286,0.27189159867108487,0.17190480875631214,36.975007914334824
0.5223787951638899,0.2895389063127736,0.17996661330593341,36.6215023610272
0.4983577103927248,0.21582809038895245,0.2087657818497912,35.733649720055034
0.6188393273448084,0.2597064966751905,0.19438012944780877,36.40185967430603
0.7526932425873623,0.3482425816548729,0.13285306300025085,36.65085000445087
0.4469131227079679,0.3807791411774116,0.13637899542094803,36.5877681147893
0.45105605574817775,0.23828255640600388,0.18179404466428475,35.57810320825963
0.6044160877069072,0.2703767870423553,0.21373059758160656,36.05484107599006
0.5681891489626312,0.29867971215205363,0.11757485471824297,36.46796111792564
0.6846707325736033,0.3140080579409803,0.1850080947154511,36.768145454758596
0.5583928185325964,0.2595198240039177,0.18421256430447738,35.401936089450025
0.46407079092129405,0.3212030522232045,0.24165013334625346,36.41893801226007
0.559065483069231,0.2763080326464542,0.1884493456486141,36.57152438493948
0.6108703580582908,0.29927738645608604,0.21148966954222786,36.92480599425811
0.5820482181197364,0.327314212400185,0.2042377142026239,36.846428792118715
0.5507274031107298,0.30032111349054685,0.136083005605784,36.7912856594044
0.6066674689589154,0.2781807054736716,0.22304621649895212,36.100029746649035
0.6169295590445673,0.29451950980370845,0.20646189516368865,35.54599893143835
0.6382158991037528,0.2955818520397332,0.2152480591902377,36.3034736214693
0.5648709887589642,0.2814994485058936,0.3177871311930898,37.00081591260428
0.4832881919683146,0.28706019686664486,0.13747661181504237,37.19672726376221
0.5146713686433323,0.3799323585252358,0.2517408994928333,36.855274551148895
0.6206508966508357,0.3280459723970619,0.19137657441798933,36.71467041140087
0.4183064329012764,0.285225984098542,0.2086198671320903,36.68981982419298
0.5368673308872901,0.33484772022553677,0.19863463264096273,36.22194062661961
0.46066611876726393,0.2833090255121995,0.1872729099980587,36.43496985322319
0.5028744822934818,0.35865623187933204,0.18290501215283725,37.334534762913165
0.6278451862607299,0.3184821096099047,0.20988526206719027,36.02872099710406
0.5191099068019903,0.29463489279978855,0.15448478909984964,37.307389395354924
0.5046436548156149,0.32238584629051387,0.22251737502565297,36.33898592275397
0.3640143859020081,0.22145619239657502,0.18751416785344238,37.16271605454754
0.5746253566027221,0.24366162655450974,0.16609791982878927,35.79659249525123
0.5645484181141075,0.24030374968004722,0.1864996142601256,36.792952100582326
0.716325472330546,0.3071471547381853,0.23771447650587718,36.13161493202619
0.46922217650469994,0.3866257499742546,0.1839399473895133,35.79236640403791
0.521915032766394,0.41156500730963164,0.2107536085462886,36.609267021205476
0.5249383683710755,0.33190255507203786,0.17807131172853582,37.00473589429799
0.6577453279763474,0.32504222374722286,0.2227376554977086,36.07752928070325
0.4904704467613048,0.20994711329236304,0.22056523216370613,35.750492019770796
0.5279021525770339,0.2728663100132989,0.25545826499889235,36.454077617832525
0.5607896509716539,0.26061081240458805,0.19473308163502354,36.45628233561141
0.5186609123156358,0.26895762008744417,0.2200596441427372,36.77415981377725
0.4553566385449472,0.2915928090707605,0.20294202618616836,36.97479728568224
0.5194089992898308,0.2763954711151436,0.23887615345589044,36.47029240936375
0.6073631749859772,0.2010350094812106,0.1784350283717381,37.42775165739713
0.39734847005889395,0.33739551280587665,0.22235015938631844,36.61211737226765
0.5132969674146876,0.24636284871300967,0.19415908111649957,36.32678674699655
0.42998791850608264,0.3119623432055575,0.19807435468674509,35.69421632044859
0.6195046628924843,0.4037041334874987,0.2027525745334512,36.36867023984192
0.3476813095216225,0.2540307704206788,0.20756721189280034,36.33180652729443
0.44410781527284116,0.17348562386268349,0.19651312870634127,36.98015239814074
0.537721187506452,0.28569978890599446,0.2064413954951158,36.731241812033424
0.6565524029234341,0.3550479817499286,0.24734354172686554,35.91031543918369
0.49342497389270124,0.39791737271102967,0.22956349056845657,36.58612719320552
0.44448004733068014,0.23852252027737914,0.2260746377749069,36.83576558586453
0.688115706944059,0.3248349611618261,0.18633381421928388,37.26401567969392
0.3551986099583756,0.2767344771609973,0.17332277515315028,36.94375198370703
0.28011940433799176,0.2947025822847932,0.2286590167471326,36.88042332715574
0.5440014450053332,0.4322171673508517,0.22628140377589384,36.53004299730758
0.4497945775647389,0.22485148358024232,0.24418012027252947,36.69415600271172
0.39787671828692867,0.31268698307472864,0.18188058122092313,37.12475245035308
0.5708356447299353,0.32338465858827165,0.1931135403391896,35.83361130126018
0.5243800713771198,0.35428931624696736,0.150815475124237,36.32528033639152
0.44359213692632715,0.30489915767354475,0.18822586681817383,36.11371562562188
0.37196956013291055,0.3154025269752051,0.22989711531738344,36.68957655936306
0.5872457328280145,0.28041757162891046,0.18600513862315407,37.1151110878254
0.5650201177958661,0.31345634706225534,0.21921439385602473,36.20151285663946
0.49008241362206173,0.28284038622512947,0.19428490682006566,35.30484781626528
0.6846636996047666,0.3310785944928025,0.20972171084664684,36.293889627487765
0.39299152336738474,0.2815194831978183,0.16556925830553,36.956736866008704
0.34744748290752614,0.3188550196951093,0.20255628348901705,36.76881495147494
0.43080919301187554,0.2985368593157511,0.11026592087297832,36.714093123905286
0.4954413983644502,0.3563025125386084,0.19439311525514047,36.36000334906276
0.5243339449322691,0.29743031382057566,0.15108580268854582,35.86048463189011
0.475876394214367,0.2113483765896559,0.23617983549640448,36.75764716081223
0.5352055396514297,0.3630960750356996,0.22332222058293535,36.08285909498269
0.37484605758095557,0.254713384956869,0.21400012945898245,37.59204836669023
0.644376460407326,0.267311683067559,0.2456301868147814,36.78525360417726
0.4917848821607431,0.27021693529782537,0.17153250437525489,36.20967584872302
0.6117295831588128,0.3687219046585409,0.25242089593746675,36.19430737630569
0.5342725346377704,0.1932162893010652,0.22796574692781155,36.4535278966932
0.5456753219153784,0.4568874266829997,0.19290334138343163,36.38024903898913
0.5569767280232204,0.35280284045330257,0.23406860441548832,37.05841688776498
0.5447708560017315,0.311161945706458,0.16681119462765098,36.593208084872025
0.5642722759867544,0.29725529996918565,0.1752645751541698,36.134184130545734
0.6329152530132431,0.31427770374288283,0.181742308302809,37.44522034257789
0.519652116970147,0.3260561214189669,0.18413066875807954,36.52465416576011
0.5709003757588512,0.33226077929750286,0.16830327071719242,36.884419837984446
0.4910264305712773,0.3277802233001724,0.23669249201285975,36.19588674627762
0.6440117215449472,0.30447903406276244,0.19223436798890506,36.68155781387226
0.432360769794073,0.2901330789846337,0.2105751490507064,36.6555549955716
0.6800940432910816,0.2924363358173244,0.1828894590075896,35.555175353951924
0.49598420493556566,0.2902545859823659,0.1453819009835445,37.50763755523032
0.3569224897881952,0.35668850484335324,0.20810172075174269,37.145322230461275
0.5128104414910789,0.3296778361140431,0.1426323507374067,36.30140234192701
0.4318948342525119,0.15298056826678597,0.19794097861743595,35.948865129772074
0.5840643548988724,0.33279503882648803,0.1589505488350157,36.673780806901775
0.4347376020697609,0.30973680973593876,0.25961827997692427,36.5433488497072
0.45538165667852204,0.2990645621777051,0.22734088166524166,36.67783447428162
0.31104592690544686,0.2805740773455557,0.20317261373814444,36.595788698097046
0.45476936807509233,0.35620563599930066,0.23791120032964008,36.75312049465296
0.2576120673371043,0.34737632310614286,0.17461052067602795,37.2236528496959
0.34160971765142767,0.2613561166088195,0.2163043813601028,36.784051602564325
0.5760414656144297,0.32035261435622675,0.2059943130115614,35.97517225054503
0.5785800158650832,0.2514171632729357,0.20792060244001012,37.18128142635623
0.5425457561784964,0.23101909176055346,0.23817060500320303,37.32030728174414
0.4033023856870787,0.2686641387705017,0.2219747630833941,38.07602836725604
0.495228864385802,0.3431196736191379,0.20866170988475072,35.9382529833802
0.49963974609094314,0.3476562522688043,0.15035337691315112,36.62144100657514
0.38416353108074575,0.32565427100486466,0.1711986111416161,35.458950648405505
0.650339830176715,0.33625478934239983,0.1963187319921283,36.7765745781896
0.5877362290575672,0.3258089143557479,0.20280117122829955,36.22589985091661
0.4779035826170336,0.26792592023885237,0.1660938882597823,37.46172289741248
0.502688583899453,0.321596127233697,0.27235030026735263,36.11269251499071
0.5208382807947552,0.3400204762613841,0.2454918216576072,35.655408481016366
0.2958265131575709,0.3377145664906787,0.21806354961177452,36.26436812964874
0.4752822617479403,0.35944566857373217,0.20216110583851235,35.512256114391434
0.4318015752002201,0.3354151923600532,0.19363373090296546,36.875549727253656
0.3998379990105084,0.3175724103770791,0.17144244619933294,35.46745847687184
0.4718899707114045,0.35350751191582136,0.20232441555556588,36.51422879059158
0.6797686526849522,0.29867393703754697,0.20773257620428254,35.4610940900719
0.564084286126701,0.2559062674386141,0.16274718273555128,36.33985109773168
0.4428821010217203,0.2918466518028118,0.21002529251734695,37.32168907790226
0.5572582781356159,0.26275486775967755,0.19534222853525754,36.680323945717895

